,place,IMDB_number,title,rating,year,director,stars,rated,runtime,genre,language,country,nominated_oscar,won_oscar,IMDB_votes,box_office,plot
0,1,tt0111161,TheShawshankRedemption,9.2,1994,Frank Darabont,"Tim Robbins, Morgan Freeman",R,142,Drama,English,United States,True,False,2662343,28767189.0,"Two imprisoned men bond over a number of years, finding solace and eventual redemption through acts of common decency."
1,2,tt0068646,TheGodfather,9.2,1972,Francis Ford Coppola,"Marlon Brando, Al Pacino",R,175,"Crime, Drama","English, Italian, Latin",United States,True,True,1847150,136381073.0,The aging patriarch of an organized crime dynasty in postwar New York City transfers control of his clandestine empire to his reluctant youngest son.
2,3,tt0468569,TheDarkKnight,9.0,2008,Christopher Nolan,"Christian Bale, Heath Ledger",PG-13,152,"Action, Crime, Drama","English, Mandarin","United States, United Kingdom",True,True,2638780,534987076.0,"When the menace known as the Joker wreaks havoc and chaos on the people of Gotham, Batman must accept one of the greatest psychological and physical tests of his ability to fight injustice."
3,4,tt0071562,TheGodfatherPartII,9.0,1974,Francis Ford Coppola,"Al Pacino, Robert De Niro",R,202,"Crime, Drama","English, Italian, Spanish, Latin, Sicilian",United States,True,True,1265087,47834595.0,"The early life and career of Vito Corleone in 1920s New York City is portrayed, while his son, Michael, expands and tightens his grip on the family crime syndicate."
4,5,tt0050083,12AngryMen,9.0,1957,Sidney Lumet,"Henry Fonda, Lee J. Cobb",Approved,96,"Crime, Drama",English,United States,True,False,786180,,The jury in a New York City murder trial is frustrated by a single member whose skeptical caution forces them to more carefully consider the evidence before jumping to a hasty verdict.
5,6,tt0108052,Schindler'sList,8.9,1993,Steven Spielberg,"Liam Neeson, Ralph Fiennes",R,195,"Biography, Drama, History","English, Hebrew, German, Polish, Latin",United States,True,True,1349692,96898818.0,"In German-occupied Poland during World War II, industrialist Oskar Schindler gradually becomes concerned for his Jewish workforce after witnessing their persecution by the Nazis."
6,7,tt0167260,TheLordoftheRings:TheReturnoftheKing,8.9,2003,Peter Jackson,"Elijah Wood, Viggo Mortensen",PG-13,201,"Action, Adventure, Drama","English, Quenya, Old English, Sindarin","New Zealand, United States",True,True,1837587,378251207.0,Gandalf and Aragorn lead the World of Men against Sauron's army to draw his gaze from Frodo and Sam as they approach Mount Doom with the One Ring.
7,8,tt0110912,PulpFiction,8.8,1994,Quentin Tarantino,"John Travolta, Uma Thurman",R,154,"Crime, Drama","English, Spanish, French",United States,False,False,2040285,107928762.0,"The lives of two mob hitmen, a boxer, a gangster and his wife, and a pair of diner bandits intertwine in four tales of violence and redemption."
8,9,tt0120737,TheLordoftheRings:TheFellowshipoftheRing,8.8,2001,Peter Jackson,"Elijah Wood, Ian McKellen",PG-13,178,"Action, Adventure, Drama","English, Sindarin","New Zealand, United States",True,True,1866719,316115420.0,A meek Hobbit from the Shire and eight companions set out on a journey to destroy the powerful One Ring and save Middle-earth from the Dark Lord Sauron.
9,10,tt0060196,"TheGood,theBadandtheUgly",8.8,1966,Sergio Leone,"Clint Eastwood, Eli Wallach",R,178,"Adventure, Western","Italian, English","Italy, Spain, West Germany",False,False,759634,25100000.0,A bounty hunting scam joins two men in an uneasy alliance against a third in a race to find a fortune in gold buried in a remote cemetery.
10,11,tt0109830,ForrestGump,8.8,1994,Robert Zemeckis,"Tom Hanks, Robin Wright",PG-13,142,"Drama, Romance",English,United States,True,True,2066658,330455270.0,"The presidencies of Kennedy and Johnson, the Vietnam War, the Watergate scandal and other historical events unfold from the perspective of an Alabama man with an IQ of 75, whose only desire is to be reunited with his childhood swe..."
11,12,tt0137523,FightClub,8.7,1999,David Fincher,"Brad Pitt, Edward Norton",R,139,Drama,English,"Germany, United States",False,False,2107648,37030102.0,An insomniac office worker and a devil-may-care soap maker form an underground fight club that evolves into much more.
12,13,tt0167261,TheLordoftheRings:TheTwoTowers,8.7,2002,Peter Jackson,"Elijah Wood, Ian McKellen",PG-13,179,"Action, Adventure, Drama","English, Sindarin, Old English","New Zealand, United States",True,True,1659591,342952511.0,"While Frodo and Sam edge closer to Mordor with the help of the shifty Gollum, the divided fellowship makes a stand against Sauron's new ally, Saruman, and his hordes of Isengard."
13,14,tt1375666,Inception,8.7,2010,Christopher Nolan,"Leonardo DiCaprio, Joseph Gordon-Levitt",PG-13,148,"Action, Adventure, Sci-Fi","English, Japanese, French","United States, United Kingdom",True,True,2338153,292587330.0,"A thief who steals corporate secrets through the use of dream-sharing technology is given the inverse task of planting an idea into the mind of a C.E.O., but his tragic past may doom the project and his team to disaster."
14,15,tt0080684,StarWars:EpisodeV-TheEmpireStrikesBack,8.7,1980,Irvin Kershner,"Mark Hamill, Harrison Ford",PG,124,"Action, Adventure, Fantasy",English,United States,False,False,1287175,292753960.0,"After the Rebels are brutally overpowered by the Empire on the ice planet Hoth, Luke Skywalker begins Jedi training with Yoda, while his friends are pursued across the galaxy by Darth Vader and bounty hunter Boba Fett."
15,16,tt0133093,TheMatrix,8.7,1999,Lana Wachowski,"Keanu Reeves, Laurence Fishburne",R,136,"Action, Sci-Fi",English,"United States, Australia",True,True,1902439,172076928.0,"When a beautiful stranger leads computer hacker Neo to a forbidding underworld, he discovers the shocking truth--the life he knows is the elaborate deception of an evil cyber-intelligence."
16,17,tt0099685,Goodfellas,8.7,1990,Martin Scorsese,"Robert De Niro, Ray Liotta",R,145,"Biography, Crime, Drama","English, Italian",United States,False,False,1155302,46909721.0,"The story of Henry Hill and his life in the mob, covering his relationship with his wife Karen Hill and his mob partners Jimmy Conway and Tommy DeVito in the Italian-American crime syndicate."
17,18,tt0073486,OneFlewOvertheCuckoo'sNest,8.6,1975,Milos Forman,"Jack Nicholson, Louise Fletcher",R,133,Drama,English,United States,True,True,1004277,108981275.0,"In the Fall of 1963, a Korean War veteran and criminal pleads insanity and is admitted to a mental institution, where he rallies up the scared patients against the tyrannical nurse."
18,19,tt0114369,Se7en,8.6,1995,David Fincher,"Morgan Freeman, Brad Pitt",R,127,"Crime, Drama, Mystery",English,United States,False,False,1640901,100125643.0,"Two detectives, a rookie and a veteran, hunt a serial killer who uses the seven deadly sins as his motives."
19,20,tt0047478,SevenSamurai,8.6,1954,Akira Kurosawa,"Toshirô Mifune, Takashi Shimura",Not Rated,207,"Action, Drama",Japanese,Japan,True,False,345850,318649.0,"Farmers from a village exploited by bandits hire a veteran samurai for protection, who gathers six other samurai to join him. As the samurai teach the peasants how to defend themselves, the village is attacked by an army of bandits."
20,21,tt0038650,It'saWonderfulLife,8.6,1946,Frank Capra,"James Stewart, Donna Reed",PG,130,"Drama, Family, Fantasy","English, French",United States,True,False,454943,44000.0,An angel is sent from Heaven to help a desperately frustrated businessman by showing him what life would have been like if he had never existed.
21,22,tt0102926,TheSilenceoftheLambs,8.6,1991,Jonathan Demme,"Jodie Foster, Anthony Hopkins",R,118,"Crime, Drama, Thriller","English, Latin",United States,True,True,1426455,130742922.0,"A young F.B.I. cadet must receive the help of an incarcerated and manipulative cannibal killer to help catch another serial killer, a madman who skins his victims."
22,23,tt0317248,CityofGod,8.6,2002,Fernando Meirelles,"Alexandre Rodrigues, Leandro Firmino",R,130,"Crime, Drama",Portuguese,"Brazil, France, Germany",True,False,755381,7564459.0,"In the slums of Rio, two kids' paths diverge as one struggles to become a photographer and the other a kingpin."
23,24,tt0120815,SavingPrivateRyan,8.6,1998,Steven Spielberg,"Tom Hanks, Matt Damon",R,169,"Drama, War","English, French, German, Czech",United States,True,True,1385405,217049603.0,"Following the Normandy Landings, a group of U.S. soldiers go behind enemy lines to retrieve a paratrooper whose brothers have been killed in action."
24,25,tt0118799,LifeIsBeautiful,8.6,1997,Roberto Benigni,"Roberto Benigni, Nicoletta Braschi",PG-13,116,"Comedy, Drama, Romance","Italian, German, English",Italy,True,True,692359,57563264.0,"When an open-minded Jewish waiter and his son become victims of the Holocaust, he uses a perfect mixture of will, humor, and imagination to protect his son from the dangers around their camp."
25,26,tt0816692,Interstellar,8.6,2014,Christopher Nolan,"Matthew McConaughey, Anne Hathaway",PG-13,169,"Adventure, Drama, Sci-Fi",English,"United States, United Kingdom, Canada",False,False,1812488,188020017.0,A team of explorers travel through a wormhole in space in an attempt to ensure humanity's survival.
26,27,tt0120689,TheGreenMile,8.6,1999,Frank Darabont,"Tom Hanks, Michael Clarke Duncan",R,189,"Crime, Drama, Fantasy","English, French",United States,True,False,1295449,136801374.0,"The lives of guards on Death Row are affected by one of their charges: a black man accused of child murder and rape, yet who has a mysterious gift."
27,28,tt0076759,StarWars,8.6,1977,George Lucas,"Mark Hamill, Harrison Ford",PG,121,"Action, Adventure, Fantasy",English,United States,True,True,1359272,460998507.0,"Luke Skywalker joins forces with a Jedi Knight, a cocky pilot, a Wookiee and two droids to save the galaxy from the Empire's world-destroying battle station, while also attempting to rescue Princess Leia from the mysterious Darth ..."
28,29,tt0103064,Terminator2:JudgmentDay,8.5,1991,James Cameron,"Arnold Schwarzenegger, Linda Hamilton",R,137,"Action, Sci-Fi","English, Spanish",United States,True,True,1095182,205881154.0,"A cyborg, identical to the one who failed to kill Sarah Connor, must now protect her 10-year old adolescent son John from an even more advanced and powerful cyborg."
29,30,tt0088763,BacktotheFuture,8.5,1985,Robert Zemeckis,"Michael J. Fox, Christopher Lloyd",PG,116,"Adventure, Comedy, Sci-Fi",English,United States,False,False,1199152,212836762.0,"Marty McFly, a 17-year-old high school student, is accidentally sent 30 years into the past in a time-traveling DeLorean invented by his close friend, the maverick scientist Doc Brown."
30,31,tt0245429,SpiritedAway,8.5,2001,Hayao Miyazaki,"Daveigh Chase, Suzanne Pleshette",PG,125,"Animation, Adventure, Family","Japanese, English",Japan,False,False,759839,13750644.0,"During her family's move to the suburbs, a sullen 10-year-old girl wanders into a world ruled by gods, witches, and spirits, and where humans are changed into beasts."
31,32,tt0054215,Psycho,8.5,1960,Alfred Hitchcock,"Anthony Perkins, Janet Leigh",R,109,"Horror, Mystery, Thriller",English,United States,True,False,670743,32000000.0,"A Phoenix secretary embezzles $40,000 from her employer's client, goes on the run and checks into a remote motel run by a young man under the domination of his mother."
32,33,tt0253474,ThePianist,8.5,2002,Roman Polanski,"Adrien Brody, Thomas Kretschmann",R,150,"Biography, Drama, Music","English, German, Russian","France, Poland, Germany, United Kingdom",True,True,827948,32572577.0,A Polish Jewish musician struggles to survive the destruction of the Warsaw ghetto of World War II.
33,34,tt6751668,Parasite,8.5,2019,Bong Joon Ho,"Song Kang-ho, Lee Sun-kyun",R,132,"Drama, Thriller","Korean, English",South Korea,True,True,792997,53369749.0,Greed and class discrimination threaten the newly formed symbiotic relationship between the wealthy Park family and the destitute Kim clan.
34,35,tt0110413,Léon:TheProfessional,8.5,1994,Luc Besson,"Jean Reno, Gary Oldman",R,110,"Action, Crime, Drama","English, Italian, French","France, United States",False,False,1156875,19501238.0,"12-year-old Mathilda is reluctantly taken in by Léon, a professional assassin, after her family is murdered. An unusual relationship forms as she becomes his protégée and learns the assassin's trade."
35,36,tt0110357,TheLionKing,8.5,1994,Roger Allers,"Matthew Broderick, Jeremy Irons",G,88,"Animation, Adventure, Drama","English, Swahili, Xhosa, Zulu",United States,True,True,1052735,422783777.0,"Lion prince Simba and his father are targeted by his bitter uncle, who wants to ascend the throne himself."
36,37,tt0172495,Gladiator,8.5,2000,Ridley Scott,"Russell Crowe, Joaquin Phoenix",R,155,"Action, Adventure, Drama",English,"United States, United Kingdom, Malta, Morocco",True,True,1493754,187705427.0,A former Roman General sets out to exact vengeance against the corrupt emperor who murdered his family and sent him into slavery.
37,38,tt0120586,AmericanHistoryX,8.5,1998,Tony Kaye,"Edward Norton, Edward Furlong",R,119,"Crime, Drama",English,United States,False,False,1118467,6719864.0,A former neo-nazi skinhead tries to prevent his younger brother from going down the same wrong path that he did.
38,39,tt0407887,TheDeparted,8.5,2006,Martin Scorsese,"Leonardo DiCaprio, Matt Damon",R,151,"Crime, Drama, Thriller","English, Cantonese","United States, Hong Kong",True,True,1318356,132399394.0,An undercover cop and a mole in the police attempt to identify each other while infiltrating an Irish gang in South Boston.
39,40,tt0114814,TheUsualSuspects,8.5,1995,Bryan Singer,"Kevin Spacey, Gabriel Byrne",R,106,"Crime, Drama, Mystery","English, Hungarian, Spanish, French","United States, Germany",True,True,1082635,23341568.0,"A sole survivor tells of the twisty events leading up to a horrific gun battle on a boat, which began when five criminals met at a seemingly random police lineup."
40,41,tt0482571,ThePrestige,8.5,2006,Christopher Nolan,"Christian Bale, Hugh Jackman",PG-13,130,"Drama, Mystery, Sci-Fi",English,"United Kingdom, United States",True,False,1326186,53089891.0,"After a tragic accident, two stage magicians in 1890s London engage in a battle to create the ultimate illusion while sacrificing everything they have to outwit each other."
41,42,tt2582802,Whiplash,8.5,2014,Damien Chazelle,"Miles Teller, J.K. Simmons",R,106,"Drama, Music",English,United States,True,True,854378,13092000.0,A promising young drummer enrolls at a cut-throat music conservatory where his dreams of greatness are mentored by an instructor who will stop at nothing to realize a student's potential.
42,43,tt0034583,Casablanca,8.5,1942,Michael Curtiz,"Humphrey Bogart, Ingrid Bergman",PG,102,"Drama, Romance, War","English, French, German, Italian",United States,True,True,570558,4219709.0,A cynical expatriate American cafe owner struggles to decide whether or not to help his former lover and her fugitive husband escape the Nazis in French Morocco.
43,44,tt0056058,Harakiri,8.5,1962,Masaki Kobayashi,"Tatsuya Nakadai, Akira Ishihama",Not Rated,133,"Action, Drama, Mystery",Japanese,Japan,False,False,57443,,"When a ronin requesting seppuku at a feudal lord's palace is told of the brutal suicide of another ronin who previously visited, he reveals how their pasts are intertwined - and in doing so challenges the clan's integrity."
44,45,tt0095327,GraveoftheFireflies,8.5,1988,Isao Takahata,"Tsutomu Tatsumi, Ayano Shiraishi",Not Rated,89,"Animation, Drama, War",Japanese,Japan,False,False,276663,516962.0,A young boy and his little sister struggle to survive in Japan during World War II.
45,46,tt1675434,TheIntouchables,8.5,2011,Olivier Nakache,"François Cluzet, Omar Sy",R,112,"Biography, Comedy, Drama","French, English",France,False,False,855133,10198820.0,"After he becomes a quadriplegic from a paragliding accident, an aristocrat hires a young man from the projects to be his caregiver."
46,47,tt0027977,ModernTimes,8.4,1936,Charles Chaplin,"Charles Chaplin, Paulette Goddard",G,87,"Comedy, Drama, Romance",English,United States,False,False,242887,163577.0,The Tramp struggles to live in modern industrial society with the help of a young homeless woman.
47,48,tt0064116,OnceUponaTimeintheWest,8.4,1968,Sergio Leone,"Henry Fonda, Charles Bronson",PG-13,165,Western,"Italian, English, Spanish","Italy, United States",False,False,329463,5321508.0,A mysterious stranger with a harmonica joins forces with a notorious desperado to protect a beautiful widow from a ruthless assassin working for the railroad.
48,49,tt0047396,RearWindow,8.4,1954,Alfred Hitchcock,"James Stewart, Grace Kelly",PG,112,"Mystery, Thriller",English,United States,True,False,490940,36764313.0,"A wheelchair-bound photographer spies on his neighbors from his Greenwich Village courtyard apartment window, and becomes convinced one of them has committed murder, despite the skepticism of his fashion-model girlfriend."
49,50,tt0095765,CinemaParadiso,8.4,1988,Giuseppe Tornatore,"Philippe Noiret, Enzo Cannavale",PG,155,"Drama, Romance",Italian,"Italy, France",False,False,260909,12397210.0,A filmmaker recalls his childhood when falling in love with the pictures at the cinema of his home village and forms a deep friendship with the cinema's projectionist.
50,51,tt0078748,Alien,8.4,1979,Ridley Scott,"Sigourney Weaver, Tom Skerritt",R,117,"Horror, Sci-Fi",English,"United Kingdom, United States",False,False,880228,81900459.0,The crew of a commercial spacecraft encounter a deadly lifeform after investigating an unknown transmission.
51,52,tt0021749,CityLights,8.4,1931,Charles Chaplin,"Charles Chaplin, Virginia Cherrill",G,87,"Comedy, Drama, Romance","None, English",United States,False,False,184997,19181.0,"With the aid of a wealthy erratic tippler, a dewy-eyed tramp who has fallen in love with a sightless flower girl accumulates money to be able to help her medically."
52,53,tt0078788,ApocalypseNow,8.4,1979,Francis Ford Coppola,"Martin Sheen, Marlon Brando",R,147,"Drama, Mystery, War","English, French, Vietnamese",United States,True,True,666279,96041782.0,A U.S. Army officer serving in Vietnam is tasked with assassinating a renegade Special Forces Colonel who sees himself as a god.
53,54,tt0209144,Memento,8.4,2000,Christopher Nolan,"Guy Pearce, Carrie-Anne Moss",R,113,"Mystery, Thriller",English,United States,True,False,1234280,25544867.0,A man with short-term memory loss attempts to track down his wife's murderer.
54,55,tt0082971,RaidersoftheLostArk,8.4,1981,Steven Spielberg,"Harrison Ford, Karen Allen",PG,115,"Action, Adventure","English, German, Hebrew, Spanish, Arabic, Nepali",United States,True,True,963139,248159971.0,"Archaeology professor Indiana Jones ventures to seize a biblical artefact known as the Ark of the Covenant. While doing so, he puts up a fight against Renee and a troop of Nazis."
55,56,tt1853728,DjangoUnchained,8.4,2012,Quentin Tarantino,"Jamie Foxx, Christoph Waltz",R,165,"Drama, Western","English, German, French, Italian",United States,True,True,1544625,162805434.0,"With the help of a German bounty-hunter, a freed slave sets out to rescue his wife from a brutal plantation-owner in Mississippi."
56,57,tt0910970,WALL·E,8.4,2008,Andrew Stanton,"Ben Burtt, Elissa Knight",G,98,"Animation, Adventure, Family","English, Hindi",United States,False,False,1112363,223808164.0,"In the distant future, a small waste-collecting robot inadvertently embarks on a space journey that will ultimately decide the fate of mankind."
57,58,tt0405094,TheLivesofOthers,8.4,2006,Florian Henckel von Donnersmarck,"Ulrich Mühe, Martina Gedeck",R,137,"Drama, Mystery, Thriller",German,"Germany, France",False,False,390064,11286112.0,"In 1984 East Berlin, an agent of the secret police, conducting surveillance on a writer and his lover, finds himself becoming increasingly absorbed by their lives."
58,59,tt0043014,SunsetBlvd.,8.4,1950,Billy Wilder,"William Holden, Gloria Swanson",Passed,110,"Drama, Film-Noir",English,United States,True,True,222573,299645.0,A screenwriter develops a dangerous relationship with a faded film star determined to make a triumphant return.
59,60,tt0050825,PathsofGlory,8.4,1957,Stanley Kubrick,"Kirk Douglas, Ralph Meeker",Approved,88,"Drama, War","English, German, Latin",United States,False,False,197696,,"After refusing to attack an enemy position, a general accuses the soldiers of cowardice and their commanding officer must defend them."
60,61,tt0081505,TheShining,8.4,1980,Stanley Kubrick,"Jack Nicholson, Shelley Duvall",R,146,"Drama, Horror",English,"United Kingdom, United States",False,False,1017226,45634352.0,"A family heads to an isolated hotel for the winter where a sinister presence influences the father into violence, while his psychic son sees horrific forebodings from both past and future."
61,62,tt0032553,TheGreatDictator,8.4,1940,Charles Chaplin,"Charles Chaplin, Paulette Goddard",G,125,"Comedy, Drama, War","English, Esperanto, Latin",United States,True,False,224374,,Dictator Adenoid Hynkel tries to expand his empire while a poor Jewish barber tries to avoid persecution from Hynkel's regime.
62,63,tt4154756,Avengers:InfinityWar,8.4,2018,Anthony Russo,"Robert Downey Jr., Chris Hemsworth",PG-13,149,"Action, Adventure, Sci-Fi",English,United States,False,False,1072648,678815482.0,The Avengers and their allies must be willing to sacrifice all in an attempt to defeat the powerful Thanos before his blitz of devastation and ruin puts an end to the universe.
63,64,tt0051201,WitnessfortheProsecution,8.4,1957,Billy Wilder,"Tyrone Power, Marlene Dietrich",Approved,116,"Crime, Drama, Mystery","English, German",United States,True,False,126068,,A veteran British barrister must defend his client in a murder trial that has surprise after surprise.
64,65,tt0090605,Aliens,8.3,1986,James Cameron,"Sigourney Weaver, Michael Biehn",R,137,"Action, Adventure, Sci-Fi","English, Spanish","United Kingdom, United States",True,True,716518,85160248.0,"Fifty-seven years after surviving an apocalyptic attack aboard her space vessel by merciless space creatures, Officer Ripley awakens from hyper-sleep and tries to warn anyone who will listen about the predators."
65,66,tt4633694,Spider-Man:IntotheSpider-Verse,8.3,2018,Bob Persichetti,"Shameik Moore, Jake Johnson",PG,117,"Animation, Action, Adventure","English, Spanish",United States,False,False,525581,190241310.0,"Teen Miles Morales becomes the Spider-Man of his universe, and must join with five spider-powered individuals from other dimensions to stop a threat for all realities."
66,67,tt0169547,AmericanBeauty,8.3,1999,Sam Mendes,"Kevin Spacey, Annette Bening",R,122,Drama,English,United States,True,True,1152826,130096601.0,A sexually frustrated suburban father has a mid-life crisis after becoming infatuated with his daughter's best friend.
67,68,tt0057012,Dr.Strangeloveor:HowILearnedtoStopWorryingandLovetheBomb,8.3,1964,Stanley Kubrick,"Peter Sellers, George C. Scott",PG,95,"Comedy, War","English, Russian","United Kingdom, United States",True,False,491002,9440272.0,"An insane American general orders a bombing attack on the Soviet Union, triggering a path to nuclear holocaust that a war room full of politicians and generals frantically tries to stop."
68,69,tt1345836,TheDarkKnightRises,8.3,2012,Christopher Nolan,"Christian Bale, Tom Hardy",PG-13,164,"Action, Drama","English, Arabic","United States, United Kingdom",False,False,1696282,448149584.0,"Eight years after the Joker's reign of anarchy, Batman, with the help of the enigmatic Selina Kyle, is forced from his exile to save Gotham City from the brutal guerrilla terrorist Bane."
69,70,tt0364569,Oldboy,8.3,2003,Park Chan-wook,"Choi Min-sik, Yoo Ji-tae",R,120,"Action, Drama, Mystery",Korean,South Korea,False,False,578285,707481.0,"After being kidnapped and imprisoned for fifteen years, Oh Dae-Su is released, only to find that he must find his captor in five days."
70,71,tt0086879,Amadeus,8.3,1984,Milos Forman,"F. Murray Abraham, Tom Hulce",PG,160,"Biography, Drama, Music","English, Italian, Latin, German, French","United States, France, Italy",True,True,401417,51973029.0,"The life, success and troubles of Wolfgang Amadeus Mozart, as told by Antonio Salieri, the contemporaneous composer who was deeply jealous of Mozart's talent and claimed to have murdered him."
71,72,tt0361748,InglouriousBasterds,8.3,2009,Quentin Tarantino,"Brad Pitt, Diane Kruger",R,153,"Adventure, Drama, War","English, German, French, Italian","Germany, United States",False,False,1441001,120540719.0,"In Nazi-occupied France during World War II, a plan to assassinate Nazi leaders by a group of Jewish U.S. soldiers coincides with a theatre owner's vengeful plans for the same."
72,73,tt7286456,Joker,8.3,2019,Todd Phillips,"Joaquin Phoenix, Robert De Niro",R,122,"Crime, Drama, Thriller",English,"United States, Canada",True,True,1266234,335477657.0,A mentally troubled stand-up comedian embarks on a downward spiral that leads to the creation of an iconic villain.
73,74,tt2380307,Coco,8.3,2017,Lee Unkrich,"Anthony Gonzalez, Gael García Bernal",PG,105,"Animation, Adventure, Comedy","English, Spanish",United States,True,True,504838,210460015.0,"Aspiring musician Miguel, confronted with his family's ancestral ban on music, enters the Land of the Dead to find his great-great-grandfather, a legendary singer."
74,75,tt0114709,ToyStory,8.3,1995,John Lasseter,"Tom Hanks, Tim Allen",G,81,"Animation, Adventure, Comedy",English,United States,True,False,990679,223225679.0,A cowboy doll is profoundly threatened and jealous when a new spaceman action figure supplants him as top toy in a boy's bedroom.
75,76,tt0112573,Braveheart,8.3,1995,Mel Gibson,"Mel Gibson, Sophie Marceau",R,178,"Biography, Drama, History","English, French, Latin, Gaelic, Italian",United States,True,True,1035853,75609945.0,Scottish warrior William Wallace leads his countrymen in a rebellion to free his homeland from the tyranny of King Edward I of England.
76,77,tt0082096,TheBoat,8.3,1981,Wolfgang Petersen,"Jürgen Prochnow, Herbert Grönemeyer",R,149,"Drama, War",German,"West Germany, Italy, France, United Kingdom",True,False,251399,11487676.0,A German U-boat stalks the frigid waters of the North Atlantic as its young crew experience the sheer terror and claustrophobic life of a submariner in World War II.
77,78,tt4154796,Avengers:Endgame,8.3,2019,Anthony Russo,"Robert Downey Jr., Chris Evans",PG-13,181,"Action, Adventure, Drama","English, Japanese, Xhosa, German",United States,False,False,1120634,858373000.0,"After the devastating events of Avengers: Infinity War (2018), the universe is in ruins. With the help of remaining allies, the Avengers assemble once more in order to reverse Thanos' actions and restore balance to the universe."
78,79,tt0119698,PrincessMononoke,8.3,1997,Hayao Miyazaki,"Yôji Matsuda, Yuriko Ishida",PG-13,134,"Animation, Action, Adventure",Japanese,Japan,False,False,393756,4845631.0,"On a journey to find the cure for a Tatarigami's curse, Ashitaka finds himself in the middle of a war between the forest gods and Tatara, a mining colony. In this quest he also meets San, the Mononoke Hime."
79,80,tt0087843,OnceUponaTimeinAmerica,8.3,1984,Sergio Leone,"Robert De Niro, James Woods",R,229,"Crime, Drama","English, Italian, French, Yiddish, Hebrew","Italy, United States",False,False,352179,5321508.0,"A former Prohibition-era Jewish gangster returns to the Lower East Side of Manhattan 35 years later, where he must once again confront the ghosts and regrets of his old life."
80,81,tt0119217,GoodWillHunting,8.3,1997,Gus Van Sant,"Robin Williams, Matt Damon",R,126,"Drama, Romance",English,United States,True,True,963999,138433435.0,"Will Hunting, a janitor at M.I.T., has a gift for mathematics, but needs help from a psychologist to find direction in his life."
81,82,tt5311514,YourName.,8.3,2016,Makoto Shinkai,"Ryûnosuke Kamiki, Mone Kamishiraishi",TV-PG,106,"Animation, Drama, Fantasy",Japanese,Japan,False,False,266795,5017246.0,"Two strangers find themselves linked in a bizarre way. When a connection forms, will distance be the only thing to keep them apart?"
82,83,tt1745960,TopGun:Maverick,8.3,2022,Joseph Kosinski,"Tom Cruise, Jennifer Connelly",PG-13,130,"Action, Drama",English,United States,False,False,435970,716498761.0,"After thirty years, Maverick is still pushing the envelope as a top naval aviator, but must confront ghosts of his past when he leads TOP GUN's elite graduates on a mission that demands the ultimate sacrifice from those chosen to ..."
83,84,tt0180093,RequiemforaDream,8.3,2000,Darren Aronofsky,"Ellen Burstyn, Jared Leto",Unrated,102,Drama,English,United States,False,False,840283,3635482.0,The drug-induced utopias of four Coney Island people are shattered when their addictions run deep.
84,85,tt1187043,3Idiots,8.3,2009,Rajkumar Hirani,"Aamir Khan, Madhavan",PG-13,170,"Comedy, Drama","Hindi, English",India,False,False,400218,6532874.0,"Two friends are searching for their long lost companion. They revisit their college days and recall the memories of their friend who inspired them to think differently, even as the rest of the world called them ""idiots""."
85,86,tt0045152,Singin'intheRain,8.3,1952,Stanley Donen,"Gene Kelly, Donald O'Connor",G,103,"Comedy, Musical, Romance",English,United States,True,False,242677,1884537.0,A silent film star falls for a chorus girl just as he and his delusionally jealous screen partner are trying to make the difficult transition to talking pictures in 1920s Hollywood.
86,87,tt0435761,ToyStory3,8.3,2010,Lee Unkrich,"Tom Hanks, Tim Allen",G,103,"Animation, Adventure, Comedy","English, Spanish",United States,True,True,834338,415004880.0,"The toys are mistakenly delivered to a day-care center instead of the attic right before Andy leaves for college, and it's up to Woody to convince the other toys that they weren't abandoned and to return home."
87,88,tt0057565,HighandLow,8.3,1963,Akira Kurosawa,"Toshirô Mifune, Yutaka Sada",Not Rated,143,"Crime, Drama, Mystery",Japanese,Japan,False,False,45304,46808.0,An executive of a Yokohama shoe company becomes a victim of extortion when his chauffeur's son is kidnapped by mistake and held for ransom.
88,89,tt0086190,StarWars:EpisodeVI-ReturnoftheJedi,8.3,1983,Richard Marquand,"Mark Hamill, Harrison Ford",PG,131,"Action, Adventure, Fantasy","English, Kikuyu, Tagalog, Kalmyk-Oirat, Quechua, Polish",United States,True,False,1050753,309306177.0,"After a daring mission to rescue Han Solo from Jabba the Hutt, the Rebels dispatch to Endor to destroy the second Death Star. Meanwhile, Luke struggles to help Darth Vader back from the dark side without falling into the Emperor's..."
89,90,tt8267604,Capernaum,8.3,2018,Nadine Labaki,"Zain Al Rafeea, Yordanos Shiferaw",R,126,Drama,"Arabic, Amharic","Lebanon, France, Cyprus, Qatar, United Kingdom",False,False,89644,1661096.0,"While serving a five-year sentence for a violent crime, a 12-year-old boy sues his parents for neglect."
90,91,tt0062622,2001:ASpaceOdyssey,8.3,1968,Stanley Kubrick,"Keir Dullea, Gary Lockwood",G,149,"Adventure, Sci-Fi","English, Russian, French","United Kingdom, United States",False,False,667754,60481243.0,"After uncovering a mysterious artifact buried beneath the Lunar surface, a spacecraft is sent to Jupiter to find its origins - a spacecraft manned by two men and the supercomputer H.A.L. 9000."
91,92,tt0338013,EternalSunshineoftheSpotlessMind,8.3,2004,Michel Gondry,"Jim Carrey, Kate Winslet",R,108,"Drama, Romance, Sci-Fi",English,United States,False,False,1003816,34400301.0,"When their relationship turns sour, a couple undergoes a medical procedure to have each other erased from their memories for ever."
92,93,tt0105236,ReservoirDogs,8.3,1992,Quentin Tarantino,"Harvey Keitel, Tim Roth",R,99,"Crime, Thriller",English,United States,False,False,1015052,2832029.0,"When a simple jewelry heist goes horribly wrong, the surviving criminals begin to suspect that one of them is a police informant."
93,94,tt2106476,TheHunt,8.3,2012,Thomas Vinterberg,"Mads Mikkelsen, Thomas Bo Larsen",R,115,Drama,"Danish, English, Polish","Denmark, Sweden",False,False,330521,613308.0,"A teacher lives a lonely life, all the while struggling over his son's custody. His life slowly gets better as he finds love and receives good news from his son, but his new luck is about to be brutally shattered by an innocent li..."
94,95,tt0091251,ComeandSee,8.3,1985,Elem Klimov,"Aleksey Kravchenko, Olga Mironova",Not Rated,142,"Drama, Thriller, War","Russian, Belarusian, German",Soviet Union,False,False,79971,71909.0,"After finding an old rifle, a young boy joins the Soviet resistance movement against ruthless German forces and experiences the horrors of World War II."
95,96,tt0033467,CitizenKane,8.3,1941,Orson Welles,"Orson Welles, Joseph Cotten",PG,119,"Drama, Mystery","English, Italian",United States,False,False,442347,1627530.0,"Following the death of publishing tycoon Charles Foster Kane, reporters scramble to uncover the meaning of his final utterance: 'Rosebud.'"
96,97,tt0022100,M,8.3,1931,Fritz Lang,"Peter Lorre, Ellen Widmann",Passed,99,"Crime, Mystery, Thriller",German,Germany,False,False,158713,35566.0,"When the police in a German city are unable to catch a child-murderer, other criminals join in the manhunt."
97,98,tt0056172,LawrenceofArabia,8.3,1962,David Lean,"Peter O'Toole, Alec Guinness",Approved,218,"Adventure, Biography, Drama","English, Arabic, Turkish",United Kingdom,True,True,294015,45306425.0,"The story of T.E. Lawrence, the English officer who successfully united and led the diverse, often warring, Arab tribes during World War I in order to fight the Turks."
98,99,tt0053125,NorthbyNorthwest,8.2,1959,Alfred Hitchcock,"Cary Grant, Eva Marie Saint",Approved,136,"Action, Adventure, Mystery","English, French",United States,True,False,328642,66728.0,"A New York City advertising executive goes on the run after being mistaken for a government agent by a group of foreign spies, and falls for a woman whose loyalties he begins to doubt."
99,100,tt0052357,Vertigo,8.2,1958,Alfred Hitchcock,"James Stewart, Kim Novak",PG,128,"Mystery, Romance, Thriller",English,United States,True,False,402208,7705225.0,"A former San Francisco police detective juggles wrestling with his personal demons and becoming obsessed with the hauntingly beautiful woman he has been hired to trail, who may be deeply disturbed."
100,101,tt0211915,Amélie,8.2,2001,Jean-Pierre Jeunet,"Audrey Tautou, Mathieu Kassovitz",R,122,"Comedy, Romance","French, Russian, English","France, Germany",True,False,756208,33225499.0,"Amélie is an innocent and naive girl in Paris with her own sense of justice. She decides to help those around her and, along the way, discovers love."
101,102,tt0066921,AClockworkOrange,8.2,1971,Stanley Kubrick,"Malcolm McDowell, Patrick Magee",X,136,"Crime, Sci-Fi",English,"United Kingdom, United States",True,False,828547,26617553.0,"In the future, a sadistic gang leader is imprisoned and volunteers for a conduct-aversion experiment, but it doesn't go as planned."
102,103,tt0053604,TheApartment,8.2,1960,Billy Wilder,"Jack Lemmon, Shirley MacLaine",Approved,125,"Comedy, Drama, Romance",English,United States,True,True,182198,18600000.0,"A Manhattan insurance clerk tries to rise in his company by letting its executives use his apartment for trysts, but complications and a romance of his own ensue."
103,104,tt0044741,Ikiru,8.2,1952,Akira Kurosawa,"Takashi Shimura, Nobuo Kaneko",Not Rated,143,Drama,Japanese,Japan,False,False,78896,60239.0,A bureaucrat tries to find meaning in his life after he discovers he has terminal cancer.
104,105,tt0036775,DoubleIndemnity,8.2,1944,Billy Wilder,"Fred MacMurray, Barbara Stanwyck",Passed,107,"Crime, Drama, Film-Noir",English,United States,True,False,157839,,"A Los Angeles insurance representative lets an alluring housewife seduce him into a scheme of insurance fraud and murder that arouses the suspicion of his colleague, an insurance investigator."
105,106,tt0093058,FullMetalJacket,8.2,1987,Stanley Kubrick,"Matthew Modine, R. Lee Ermey",R,116,"Drama, War","English, Vietnamese","United Kingdom, United States",False,False,741966,46357676.0,A pragmatic U.S. Marine observes the dehumanizing effects the Vietnam War has on his fellow recruits from their brutal boot camp training to the bloody street fighting in Hue.
106,107,tt8503618,Hamilton,8.2,2020,Thomas Kail,"Lin-Manuel Miranda, Phillipa Soo",PG-13,160,"Biography, Drama, History",English,United States,False,False,94546,,"The real life of one of America's foremost founding fathers and first Secretary of the Treasury, Alexander Hamilton. Captured live on Broadway from the Richard Rodgers Theater with the original Broadway cast."
107,108,tt0086250,Scarface,8.2,1983,Brian De Palma,"Al Pacino, Michelle Pfeiffer",R,170,"Crime, Drama","English, Spanish",United States,False,False,837280,45408703.0,"In 1980 Miami, a determined Cuban immigrant takes over a drug cartel and succumbs to greed."
108,109,tt0056592,ToKillaMockingbird,8.2,1962,Robert Mulligan,"Gregory Peck, John Megna",Approved,129,"Crime, Drama",English,United States,True,True,316917,592237.0,"Atticus Finch, a widowed lawyer in Depression-era Alabama, defends a black man against an undeserved rape charge, and his children against prejudice."
109,110,tt0070735,TheSting,8.2,1973,George Roy Hill,"Paul Newman, Robert Redford",PG,129,"Comedy, Crime, Drama",English,United States,True,True,262517,156000000.0,Two grifters team up to pull off the ultimate con.
110,111,tt1255953,Incendies,8.2,2010,Denis Villeneuve,"Lubna Azabal, Mélissa Désormeaux-Poulin",R,131,"Drama, Mystery","French, Arabic, English","Canada, France",False,False,178368,2071334.0,Twins journey to the Middle East to discover their family history and fulfill their mother's last wishes.
111,112,tt1049413,Up,8.2,2009,Pete Docter,"Edward Asner, Jordan Nagai",PG,96,"Animation, Adventure, Comedy",English,United States,True,True,1039653,293004164.0,"78-year-old Carl Fredricksen travels to Paradise Falls in his house equipped with balloons, inadvertently taking a young stowaway."
112,113,tt0113277,Heat,8.2,1995,Michael Mann,"Al Pacino, Robert De Niro",R,170,"Action, Crime, Drama","English, Spanish",United States,False,False,653717,67436818.0,A group of high-end professional thieves start to feel the heat from the LAPD when they unknowingly leave a clue at their latest heist.
113,114,tt0075314,TaxiDriver,8.2,1976,Martin Scorsese,"Robert De Niro, Jodie Foster",R,114,"Crime, Drama","English, Spanish",United States,True,False,829151,28262574.0,"A mentally unstable veteran works as a nighttime taxi driver in New York City, where the perceived decadence and sleaze fuels his urge for violent action."
114,115,tt1832382,ASeparation,8.2,2011,Asghar Farhadi,"Payman Maadi, Leila Hatami",PG-13,123,Drama,Persian,"Iran, France, Australia",False,False,245510,7099055.0,A married couple are faced with a difficult decision - to improve the life of their child by moving to another country or to stay in Iran and look after a deteriorating parent who has Alzheimer's disease.
115,116,tt0017136,Metropolis,8.2,1927,Fritz Lang,"Brigitte Helm, Alfred Abel",Not Rated,153,"Drama, Sci-Fi","German, English",Germany,False,False,174823,1236166.0,"In a futuristic city sharply divided between the working class and the city planners, the son of the city's mastermind falls in love with a working-class prophet who predicts the coming of a savior to mediate their differences."
116,117,tt0119488,L.A.Confidential,8.2,1997,Curtis Hanson,"Kevin Spacey, Russell Crowe",R,138,"Crime, Drama, Mystery",English,United States,True,True,583425,64616940.0,"As corruption grows in 1950s Los Angeles, three policemen - one strait-laced, one brutal, and one sleazy - investigate a series of murders with their own brand of justice."
117,118,tt0095016,DieHard,8.2,1988,John McTiernan,"Bruce Willis, Alan Rickman",R,132,"Action, Thriller","English, German, Italian, Japanese",United States,True,False,874631,83844093.0,A New York City police officer tries to save his estranged wife and several others taken hostage by terrorists during a Christmas party at the Nakatomi Plaza in Los Angeles.
118,119,tt0208092,Snatch,8.2,2000,Guy Ritchie,"Jason Statham, Brad Pitt",R,102,"Comedy, Crime","English, Russian","United Kingdom, United States",False,False,854836,30328156.0,"Unscrupulous boxing promoters, violent bookmakers, a Russian gangster, incompetent amateur robbers and supposedly Jewish jewelers fight to track down a priceless stolen diamond."
119,120,tt0040522,BicycleThieves,8.2,1948,Vittorio De Sica,"Lamberto Maggiorani, Enzo Staiola",Not Rated,89,Drama,"Italian, English, German",Italy,False,False,164211,371111.0,"In post-war Italy, a working-class man's bicycle is stolen, endangering his efforts to find work. He and his son set out to find it."
120,121,tt0097576,IndianaJonesandtheLastCrusade,8.2,1989,Steven Spielberg,"Harrison Ford, Sean Connery",PG-13,127,"Action, Adventure","English, German, Greek, Arabic",United States,False,False,753355,197171806.0,"In 1938, after his father Professor Henry Jones, Sr. goes missing while pursuing the Holy Grail, Professor Henry ""Indiana"" Jones, Jr. finds himself up against Adolf Hitler's Nazis again to stop them from obtaining its powers."
121,122,tt0986264,LikeStarsonEarth,8.2,2007,Aamir Khan,"Darsheel Safary, Aamir Khan",PG,165,"Drama, Family",Hindi,India,False,False,193806,1223869.0,"An eight-year-old boy is thought to be a lazy trouble-maker, until the new art teacher has the patience and compassion to discover the real problem behind his struggles in school."
122,123,tt8579674,1917,8.2,2019,Sam Mendes,"Dean-Charles Chapman, George MacKay",R,119,"Action, Drama, War","English, French, German","United Kingdom, United States, India, Spain",True,True,585036,159227644.0,"April 6th, 1917. As an infantry battalion assembles to wage war deep in enemy territory, two soldiers are assigned to race against time and deliver a message that will stop 1,600 men from walking straight into a deadly trap."
123,124,tt0363163,Downfall,8.2,2004,Oliver Hirschbiegel,"Bruno Ganz, Alexandra Maria Lara",R,156,"Biography, Drama, History","German, Russian, French, English","Germany, Austria, Italy",False,False,356436,5509040.0,"Traudl Junge, the final secretary for Adolf Hitler, tells of the Nazi dictator's final days in his Berlin bunker at the end of WWII."
124,125,tt0059578,ForaFewDollarsMore,8.2,1965,Sergio Leone,"Clint Eastwood, Lee Van Cleef",R,132,Western,"Italian, English","Italy, Spain, West Germany",False,False,257059,15000000.0,Two bounty hunters with the same intentions team up to track down an escaped Mexican outlaw.
125,126,tt5074352,Dangal,8.2,2016,Nitesh Tiwari,"Aamir Khan, Sakshi Tanwar",Not Rated,161,"Action, Biography, Drama","Hindi, English","India, United States",False,False,191599,12391761.0,Former wrestler Mahavir Singh Phogat and his two wrestler daughters struggle towards glory at the Commonwealth Games in the face of societal oppression.
126,127,tt0372784,BatmanBegins,8.2,2005,Christopher Nolan,"Christian Bale, Michael Caine",PG-13,140,"Action, Crime, Drama","English, Mandarin","United States, United Kingdom",False,False,1463747,206863479.0,"After training with his mentor, Batman begins his fight to free crime-ridden Gotham City from corruption."
127,128,tt0012349,TheKid,8.2,1921,Charles Chaplin,"Charles Chaplin, Edna Purviance",Passed,68,"Comedy, Drama, Family",English,United States,False,False,127082,,"The Tramp cares for an abandoned child, but events put their relationship in jeopardy."
128,129,tt0053291,SomeLikeItHot,8.2,1959,Billy Wilder,"Marilyn Monroe, Tony Curtis",Passed,121,"Comedy, Music, Romance",English,United States,False,False,267900,,"After two male musicians witness a mob hit, they flee the state in an all-female band disguised as women, but further complications set in."
129,130,tt10272386,TheFather,8.2,2020,Florian Zeller,"Anthony Hopkins, Olivia Colman",PG-13,97,"Drama, Mystery",English,"United Kingdom, France, United States",True,True,152832,2122771.0,"A man refuses all assistance from his daughter as he ages. As he tries to make sense of his changing circumstances, he begins to doubt his loved ones, his own mind and even the fabric of his reality."
130,131,tt0042192,AllAboutEve,8.2,1950,Joseph L. Mankiewicz,"Bette Davis, Anne Baxter",Passed,138,Drama,"English, French",United States,True,True,132038,63463.0,A seemingly timid but secretly ruthless ingénue insinuates herself into the lives of an aging Broadway star and her circle of theater friends.
131,132,tt6966692,GreenBook,8.2,2018,Peter Farrelly,"Viggo Mortensen, Mahershala Ali",PG-13,130,"Biography, Comedy, Drama","English, Italian, Russian, German","United States, China",True,True,489069,85080171.0,A working-class Italian-American bouncer becomes the driver for an African-American classical pianist on a tour of venues through the 1960s American South.
132,133,tt0993846,TheWolfofWallStreet,8.2,2013,Martin Scorsese,"Leonardo DiCaprio, Jonah Hill",R,180,"Biography, Comedy, Crime","English, French",United States,True,False,1399180,116900694.0,"Based on the true story of Jordan Belfort, from his rise to a wealthy stock-broker living the high life to his fall involving crime, corruption and the federal government."
133,134,tt0055031,JudgmentatNuremberg,8.2,1961,Stanley Kramer,"Spencer Tracy, Burt Lancaster",Approved,179,"Drama, War","English, German",United States,True,True,78124,,"In 1948, an American court in occupied Germany tries four Nazis judged for war crimes."
134,135,tt0089881,Ran,8.2,1985,Akira Kurosawa,"Tatsuya Nakadai, Akira Terao",R,162,"Action, Drama, War",Japanese,"Japan, France",False,False,126126,4135750.0,"In Medieval Japan, an elderly warlord retires, handing over his empire to his three sons. However, he vastly underestimates how the new-found power will corrupt them and cause them to turn on each other...and him."
135,136,tt0112641,Casino,8.2,1995,Martin Scorsese,"Robert De Niro, Sharon Stone",R,178,"Crime, Drama",English,"United States, France",False,False,519897,42512375.0,"A tale of greed, deception, money, power, and murder occur between two best friends: a mafia enforcer and a casino executive compete against each other over a gambling empire, and over a fast-living and fast-loving socialite."
136,137,tt0457430,Pan'sLabyrinth,8.2,2006,Guillermo del Toro,"Ivana Baquero, Ariadna Gil",R,118,"Drama, Fantasy, War",Spanish,"Mexico, Spain",True,True,668255,37646380.0,"In the Falangist Spain of 1944, the bookish young stepdaughter of a sadistic army officer escapes into an eerie but captivating fantasy world."
137,138,tt0105695,Unforgiven,8.2,1992,Clint Eastwood,"Clint Eastwood, Gene Hackman",R,130,"Drama, Western",English,United States,True,True,412107,101167799.0,"Retired Old West gunslinger William Munny reluctantly takes on one last job, with the help of his old partner Ned Logan and a young man, The ""Schofield Kid."""
138,139,tt0469494,ThereWillBeBlood,8.2,2007,Paul Thomas Anderson,"Daniel Day-Lewis, Paul Dano",R,158,Drama,"English, American Sign ",United States,True,True,586624,40222514.0,"A story of family, religion, hatred, oil and madness, focusing on a turn-of-the-century prospector in the early days of the business."
139,140,tt0120382,TheTrumanShow,8.2,1998,Peter Weir,"Jim Carrey, Ed Harris",PG,103,"Comedy, Drama",English,United States,True,False,1076176,125618201.0,An insurance salesman discovers his whole life is actually a reality TV show.
140,141,tt0167404,TheSixthSense,8.2,1999,M. Night Shyamalan,"Bruce Willis, Haley Joel Osment",PG-13,107,"Drama, Mystery, Thriller","English, Latin, Spanish",United States,True,False,990475,293506292.0,"A frightened, withdrawn Philadelphia boy who communicates with spirits seeks the help of a disheartened child psychologist."
141,142,tt0268978,ABeautifulMind,8.2,2001,Ron Howard,"Russell Crowe, Ed Harris",PG-13,135,"Biography, Drama",English,United States,True,True,931519,170742341.0,"After John Nash, a brilliant but asocial mathematician, accepts secret work in cryptography, his life takes a turn for the nightmarish."
142,143,tt1130884,ShutterIsland,8.1,2010,Martin Scorsese,"Leonardo DiCaprio, Emily Mortimer",R,138,"Mystery, Thriller","English, German",United States,False,False,1304246,128012934.0,"In 1954, a U.S. Marshal investigates the disappearance of a murderer who escaped from a hospital for the criminally insane."
143,144,tt0055630,Yojimbo,8.1,1961,Akira Kurosawa,"Toshirô Mifune, Eijirô Tôno",Not Rated,110,"Action, Drama, Thriller",Japanese,Japan,False,False,123421,46808.0,A crafty ronin comes to a town divided by two criminal gangs and decides to play them against each other to free the town.
144,145,tt0071853,MontyPythonandtheHolyGrail,8.1,1975,Terry Gilliam,"Graham Chapman, John Cleese",PG,91,"Adventure, Comedy, Fantasy","English, French, Latin, Swedish",United Kingdom,False,False,541779,1827696.0,"King Arthur and his Knights of the Round Table embark on a surreal, low-budget search for the Holy Grail, encountering many, very silly obstacles."
145,146,tt10872600,Spider-Man:NoWayHome,8.1,2021,Jon Watts,"Tom Holland, Zendaya",PG-13,148,"Action, Adventure, Fantasy",English,United States,False,False,746844,814115070.0,"With Spider-Man's identity now revealed, Peter asks Doctor Strange for help. When a spell goes wrong, dangerous foes from other worlds start to appear, forcing Peter to discover what it truly means to be Spider-Man."
146,147,tt0040897,TheTreasureoftheSierraMadre,8.1,1948,John Huston,"Humphrey Bogart, Walter Huston",Passed,126,"Adventure, Drama, Western","English, Spanish",United States,True,True,125472,5014000.0,Two down-on-their-luck Americans searching for work in 1920s Mexico convince an old prospector to help them mine for gold in the Sierra Madre Mountains.
147,148,tt0107290,JurassicPark,8.1,1993,Steven Spielberg,"Sam Neill, Laura Dern",PG-13,127,"Action, Adventure, Sci-Fi","English, Spanish",United States,True,True,985724,404214720.0,A pragmatic paleontologist touring an almost complete theme park on an island in Central America is tasked with protecting a couple of kids after a power failure causes the park's cloned dinosaurs to run loose.
148,149,tt0057115,TheGreatEscape,8.1,1963,John Sturges,"Steve McQueen, James Garner",Approved,172,"Adventure, Drama, History","English, German, French, Russian, Spanish",United States,False,False,244968,,Allied prisoners of war plan for several hundred of their number to escape from a German camp during World War II.
149,150,tt0042876,Rashomon,8.1,1950,Akira Kurosawa,"Toshirô Mifune, Machiko Kyô",Not Rated,88,"Crime, Drama, Mystery",Japanese,Japan,False,False,169393,46808.0,"The rape of a bride and the murder of her samurai husband are recalled from the perspectives of a bandit, the bride, the samurai's ghost and a woodcutter."
150,151,tt0266697,KillBill:Vol.1,8.1,2003,Quentin Tarantino,"Uma Thurman, David Carradine",R,111,"Action, Crime, Drama","English, Japanese, French",United States,False,False,1110833,70099045.0,"After awakening from a four-year coma, a former assassin wreaks vengeance on the team of assassins who betrayed her."
151,152,tt0477348,NoCountryforOldMen,8.1,2007,Ethan Coen,"Tommy Lee Jones, Javier Bardem",R,122,"Crime, Drama, Thriller","English, Spanish",United States,True,True,969524,74283625.0,Violence and mayhem ensue after a hunter stumbles upon a drug deal gone wrong and more than two million dollars in cash near the Rio Grande.
152,153,tt0266543,FindingNemo,8.1,2003,Andrew Stanton,"Albert Brooks, Ellen DeGeneres",G,100,"Animation, Adventure, Comedy",English,United States,False,False,1041093,380843261.0,"After his son is captured in the Great Barrier Reef and taken to Sydney, a timid clownfish sets out on a journey to bring him home."
153,154,tt0084787,TheThing,8.1,1982,John Carpenter,"Kurt Russell, Wilford Brimley",R,109,"Horror, Mystery, Sci-Fi","English, Norwegian","United States, Canada",False,False,425959,19629760.0,A research team in Antarctica is hunted by a shape-shifting alien that assumes the appearance of its victims.
154,155,tt0080678,TheElephantMan,8.1,1980,David Lynch,"Anthony Hopkins, John Hurt",PG,124,"Biography, Drama","English, French","United States, United Kingdom",True,False,242086,26010864.0,"A Victorian surgeon rescues a heavily disfigured man who is mistreated while scraping a living as a side-show freak. Behind his monstrous façade, there is revealed a person of kindness, intelligence and sophistication."
155,156,tt0071315,Chinatown,8.1,1974,Roman Polanski,"Jack Nicholson, Faye Dunaway",R,130,"Drama, Mystery, Thriller","English, Cantonese, Spanish",United States,False,False,327246,29200000.0,"A private detective hired to expose an adulterer in 1930s Los Angeles finds himself caught up in a web of deceit, corruption, and murder."
156,157,tt0081398,RagingBull,8.1,1980,Martin Scorsese,"Robert De Niro, Cathy Moriarty",R,129,"Biography, Drama, Sport",English,United States,True,True,354225,23383987.0,"The life of boxer Jake LaMotta, whose violence and temper that led him to the top in the ring destroyed his life outside of it."
157,158,tt0031381,GonewiththeWind,8.1,1939,Victor Fleming,"Clark Gable, Vivien Leigh",Passed,238,"Drama, Romance, War",English,United States,True,True,316175,200882193.0,The manipulative daughter of a Georgia plantation owner conducts a turbulent romance with a roguish profiteer during the American Civil War and Reconstruction periods.
158,159,tt0434409,VforVendetta,8.1,2005,James McTeigue,"Hugo Weaving, Natalie Portman",R,132,"Action, Drama, Sci-Fi",English,"United States, United Kingdom, Germany",False,False,1119205,70511035.0,"In a future British dystopian society, a shadowy freedom fighter, known only by the alias of ""V"", plots to overthrow the tyrannical government - with the help of a young woman."
159,160,tt2096673,InsideOut,8.1,2015,Pete Docter,"Amy Poehler, Bill Hader",PG,95,"Animation, Adventure, Comedy","English, Portuguese",United States,False,False,711574,356921711.0,"After young Riley is uprooted from her Midwest life and moved to San Francisco, her emotions - Joy, Fear, Anger, Disgust and Sadness - conflict on how best to navigate a new city, house, and school."
160,161,tt0120735,"Lock,StockandTwoSmokingBarrels",8.1,1998,Guy Ritchie,"Jason Flemyng, Dexter Fletcher",R,107,"Action, Comedy, Crime",English,United Kingdom,False,False,582370,3753929.0,"Eddy persuades his three pals to pool money for a vital poker game against a powerful local mobster, Hatchet Harry. Eddy loses, after which Harry gives him a week to pay back 500,000 pounds."
161,162,tt0046912,DialMforMurder,8.1,1954,Alfred Hitchcock,"Ray Milland, Grace Kelly",PG,105,"Crime, Thriller",English,United States,False,False,176723,24845.0,A former tennis star arranges the murder of his adulterous wife.
162,163,tt1305806,TheSecretinTheirEyes,8.1,2009,Juan José Campanella,"Ricardo Darín, Soledad Villamil",R,129,"Drama, Mystery, Romance",Spanish,"Argentina, Spain",False,False,210379,6391436.0,A retired legal counselor writes a novel hoping to find closure for one of his past unresolved homicide cases and for his unreciprocated love with his superior - both of which still haunt him decades later.
163,164,tt0347149,Howl'sMovingCastle,8.1,2004,Hayao Miyazaki,"Chieko Baishô, Takuya Kimura",PG,119,"Animation, Adventure, Family",Japanese,Japan,False,False,394925,6789268.0,"When an unconfident young woman is cursed with an old body by a spiteful witch, her only chance of breaking the spell lies with a self-indulgent yet insecure young wizard and his companions in his legged, walking castle."
164,165,tt0050212,TheBridgeontheRiverKwai,8.1,1957,David Lean,"William Holden, Alec Guinness",PG,161,"Adventure, Drama, War","English, Japanese, Thai","United Kingdom, United States",True,True,221252,27200000.0,"British POWs are forced to build a railway bridge across the river Kwai for their Japanese captors in occupied Burma, not knowing that the allied forces are planning a daring commando raid through the jungle to destroy it."
165,166,tt5027774,"ThreeBillboardsOutsideEbbing,Missouri",8.1,2017,Martin McDonagh,"Frances McDormand, Woody Harrelson",R,115,"Comedy, Crime, Drama",English,"United Kingdom, United States",True,True,506386,54513740.0,A mother personally challenges the local authorities to solve her daughter's murder when they fail to catch the culprit.
166,167,tt0117951,Trainspotting,8.1,1996,Danny Boyle,"Ewan McGregor, Ewen Bremner",R,93,Drama,English,United Kingdom,False,False,686989,16491080.0,"Renton, deeply immersed in the Edinburgh drug scene, tries to clean up and get out, despite the allure of the drugs and influence of friends."
167,168,tt1291584,Warrior,8.1,2011,Gavin O'Connor,"Tom Hardy, Nick Nolte",PG-13,140,"Action, Drama, Sport","English, Spanish",United States,False,False,473027,13657115.0,"The youngest son of an alcoholic former boxer returns home, where he's trained by his father for competition in a mixed martial arts tournament - a path that puts the fighter on a collision course with his estranged, older brother."
168,169,tt0116282,Fargo,8.1,1996,Joel Coen,"William H. Macy, Frances McDormand",R,98,"Crime, Thriller",English,"United States, United Kingdom",True,True,677602,24611975.0,Minnesota car salesman Jerry Lundegaard's inept crime falls apart due to his and his henchmen's bungling and the persistent police work of the quite pregnant Marge Gunderson.
169,170,tt1205489,GranTorino,8.1,2008,Clint Eastwood,"Clint Eastwood, Bee Vang",R,116,Drama,"English, Hmong","Germany, United States",False,False,775509,148095302.0,"Disgruntled Korean War veteran Walt Kowalski sets out to reform his neighbor, Thao Lor, a Hmong teenager who tried to steal Kowalski's prized possession: a 1972 Gran Torino."
170,171,tt1392214,Prisoners,8.1,2013,Denis Villeneuve,"Hugh Jackman, Jake Gyllenhaal",R,153,"Crime, Drama, Mystery",English,United States,False,False,708748,61002302.0,"When Keller Dover's daughter and her friend go missing, he takes matters into his own hands as the police pursue multiple leads and the pressure mounts."
171,172,tt0096283,MyNeighborTotoro,8.1,1988,Hayao Miyazaki,"Hitoshi Takagi, Noriko Hidaka",G,86,"Animation, Comedy, Family",Japanese,Japan,False,False,339292,2250213.0,"When two girls move to the country to be near their ailing mother, they have adventures with the wondrous forest spirits who live nearby."
172,173,tt0264464,CatchMeIfYouCan,8.1,2002,Steven Spielberg,"Leonardo DiCaprio, Tom Hanks",PG-13,141,"Biography, Crime, Drama","English, French","United States, Canada",True,False,978719,164615351.0,"Barely 21 yet, Frank is a skilled forger who has passed as a doctor, lawyer and pilot. FBI agent Carl becomes obsessed with tracking down the con man, who only revels in the pursuit."
173,174,tt0405159,MillionDollarBaby,8.1,2004,Clint Eastwood,"Hilary Swank, Clint Eastwood",PG-13,132,"Drama, Sport","English, Irish Gaelic",United States,True,True,686797,100492203.0,A determined woman works with a hardened boxing trainer to become a professional.
174,175,tt0118849,ChildrenofHeaven,8.1,1997,Majid Majidi,"Mohammad Amir Naji, Amir Farrokh Hashemian",PG,89,"Drama, Family, Sport",Persian,Iran,False,False,75263,933933.0,"After a boy loses his sister's pair of shoes, he goes on a series of adventures in order to find them. When he can't, he tries a new way to ""win"" a new pair."
175,176,tt0083658,BladeRunner,8.1,1982,Ridley Scott,"Harrison Ford, Rutger Hauer",R,117,"Action, Drama, Sci-Fi","English, German, Cantonese, Japanese, Hungarian, Arabic, Korean",United States,True,False,768236,32914489.0,A blade runner must pursue and terminate four replicants who stole a ship in space and have returned to Earth to find their creator.
176,177,tt0015864,TheGoldRush,8.1,1925,Charles Chaplin,"Charles Chaplin, Mack Swain",Passed,95,"Adventure, Comedy, Drama","English, None",United States,True,False,111957,,"A prospector goes to the Klondike during the 1890s gold rush in hopes of making his fortune, and is smitten with a girl he sees in a dance hall."
177,178,tt0047296,OntheWaterfront,8.1,1954,Elia Kazan,"Marlon Brando, Karl Malden",Approved,108,"Crime, Drama, Thriller",English,United States,True,True,155976,,"An ex-prize fighter turned New Jersey longshoreman struggles to stand up to his corrupt union bosses, including his older brother, as he starts to connect with the grieving sister of one of the syndicate's victims."
178,179,tt0112471,BeforeSunrise,8.1,1995,Richard Linklater,"Ethan Hawke, Julie Delpy",R,101,"Drama, Romance","English, German, French","United States, Austria",False,False,308619,5535405.0,"A young man and woman meet on a train in Europe, and wind up spending one evening together in Vienna. Unfortunately, both know that this will probably be their only night together."
179,180,tt2024544,12YearsaSlave,8.1,2013,Steve McQueen,"Chiwetel Ejiofor, Michael Kenneth Williams",R,134,"Biography, Drama, History",English,"United States, United Kingdom",True,True,700326,56671993.0,"In the antebellum United States, Solomon Northup, a free black man from upstate New York, is abducted and sold into slavery."
180,181,tt1201607,HarryPotterandtheDeathlyHallows:Part2,8.1,2011,David Yates,"Daniel Radcliffe, Emma Watson",PG-13,130,"Adventure, Family, Fantasy","English, Latin","United Kingdom, United States",True,False,872242,381447587.0,"Harry, Ron, and Hermione search for Voldemort's remaining Horcruxes in their effort to destroy the Dark Lord as the final battle rages on at Hogwarts."
181,182,tt0052618,Ben-Hur,8.1,1959,William Wyler,"Charlton Heston, Jack Hawkins",G,212,"Adventure, Drama",English,United States,True,True,239995,74432704.0,"After a Jewish prince is betrayed and sent into slavery by a Roman friend in 1st-century Jerusalem, he regains his freedom and comes back for revenge."
182,183,tt0050986,WildStrawberries,8.1,1957,Ingmar Bergman,"Victor Sjöström, Bibi Andersson",Not Rated,91,"Drama, Romance","Swedish, Latin",Sweden,False,False,108067,,"After living a life marked by coldness, an aging professor is forced to confront the emptiness of his existence."
183,184,tt2267998,GoneGirl,8.1,2014,David Fincher,"Ben Affleck, Rosamund Pike",R,149,"Drama, Mystery, Thriller",English,United States,False,False,979382,167767189.0,"With his wife's disappearance having become the focus of an intense media circus, a man sees the spotlight turned on him when it's suspected that he may not be innocent."
184,185,tt0041959,TheThirdMan,8.1,1949,Carol Reed,"Orson Welles, Joseph Cotten",Approved,93,"Film-Noir, Mystery, Thriller","English, German, Russian, French",United Kingdom,False,False,172424,1067364.0,"Pulp novelist Holly Martins travels to shadowy, postwar Vienna, only to find himself investigating the mysterious death of an old friend, Harry Lime."
185,186,tt0017925,TheGeneral,8.1,1926,Clyde Bruckman,"Buster Keaton, Marion Mack",Passed,67,"Action, Adventure, Comedy",None,United States,False,False,92056,,"After being rejected by the Confederate military, not realizing it was due to his crucial civilian role, an engineer must single-handedly recapture his beloved locomotive after it is seized by Union spies and return it through ene..."
186,187,tt2278388,TheGrandBudapestHotel,8.1,2014,Wes Anderson,"Ralph Fiennes, F. Murray Abraham",R,99,"Adventure, Comedy, Crime","English, French, German","United States, Germany",True,True,807383,59301324.0,"A writer encounters the owner of an aging high-class hotel, who tells him of his early years serving as a lobby boy in the hotel's glorious years under an exceptional concierge."
187,188,tt0077416,TheDeerHunter,8.1,1978,Michael Cimino,"Robert De Niro, Christopher Walken",R,183,"Drama, War","English, Vietnamese, French, Russian, Cantonese","United States, United Kingdom",True,True,339682,48979328.0,An in-depth examination of the ways in which the Vietnam War impacts and disrupts the lives of several friends in a small steel mill town in Pennsylvania.
188,189,tt0107207,IntheNameoftheFather,8.1,1993,Jim Sheridan,"Daniel Day-Lewis, Pete Postlethwaite",R,133,"Biography, Crime, Drama",English,"Ireland, United Kingdom",True,False,175661,25096862.0,A man's coerced confession to an I.R.A. bombing he did not commit results in the imprisonment of his father as well. An English lawyer fights to free them.
189,190,tt4729430,Klaus,8.1,2019,Sergio Pablos,"Jason Schwartzman, J.K. Simmons",PG,96,"Animation, Adventure, Comedy","English, Saami","Spain, United Kingdom, United States",False,False,148992,,"A simple act of kindness always sparks another, even in a frozen, faraway place. When Smeerensburg's new postman, Jesper, befriends toymaker Klaus, their gifts melt an age-old feud and deliver a sleigh full of holiday traditions."
190,191,tt0072684,BarryLyndon,8.1,1975,Stanley Kubrick,"Ryan O'Neal, Marisa Berenson",PG,185,"Adventure, Drama, War","English, German, French","United Kingdom, United States",True,True,168759,,An Irish rogue wins the heart of a rich widow and assumes her dead husband's aristocratic position in 18th-century England.
191,192,tt0046268,TheWagesofFear,8.1,1953,Henri-Georges Clouzot,"Yves Montand, Charles Vanel",Not Rated,131,"Adventure, Drama, Thriller","French, English, Spanish, German, Italian, Russian","France, Italy",False,False,61682,,"In a decrepit South American village, four men are hired to transport an urgent nitroglycerine shipment without the equipment that would make it safe."
192,193,tt2119532,HacksawRidge,8.1,2016,Mel Gibson,"Andrew Garfield, Sam Worthington",R,139,"Biography, Drama, History","English, Japanese","Australia, United States",True,True,524798,67209615.0,"World War II American Army Medic Desmond T. Doss, who served during the Battle of Okinawa, refuses to kill people and becomes the first man in American history to receive the Medal of Honor without firing a shot."
193,194,tt0015324,SherlockJr.,8.1,1924,Buster Keaton,"Buster Keaton, Kathryn McGuire",Passed,45,"Action, Comedy, Romance","English, None",United States,False,False,50625,977375.0,"A film projectionist longs to be a detective, and puts his meagre skills to work when he is framed by a rival for stealing his girlfriend's father's pocketwatch."
194,195,tt0031679,Mr.SmithGoestoWashington,8.1,1939,Frank Capra,"James Stewart, Jean Arthur",Passed,129,"Comedy, Drama",English,United States,False,False,116277,144738.0,"A naive youth leader is appointed to fill a vacancy in the U.S. Senate. His idealistic plans promptly collide with corruption at home and subterfuge from his hero in Washington, but he tries to forge ahead despite attacks on his c..."
195,196,tt0353969,MemoriesofMurder,8.1,2003,Bong Joon Ho,"Song Kang-ho, Kim Sang-kyung",Not Rated,132,"Crime, Drama, Mystery","Korean, English",South Korea,False,False,184626,15357.0,"In a small Korean province in 1986, two detectives struggle with the case of multiple young women being found raped and murdered by an unknown culprit."
196,197,tt3011894,WildTales,8.1,2014,Damián Szifron,"Darío Grandinetti, María Marull",R,122,"Comedy, Drama, Thriller",Spanish,"Argentina, Spain, France, United Kingdom",False,False,199023,3106530.0,Six short stories that explore the extremities of human behavior involving people in distress.
197,198,tt0050976,TheSeventhSeal,8.1,1957,Ingmar Bergman,"Max von Sydow, Gunnar Björnstrand",Not Rated,96,"Drama, Fantasy","Swedish, Latin",Sweden,False,False,185923,,"A knight returning to Sweden after the Crusades seeks answers about life, death, and the existence of God as he plays chess against the Grim Reaper during the Black Plague."
198,199,tt1392190,MadMax:FuryRoad,8.1,2015,George Miller,"Tom Hardy, Charlize Theron",R,120,"Action, Adventure, Sci-Fi","English, Russian",Australia,True,True,998882,154109060.0,"In a post-apocalyptic wasteland, a woman rebels against a tyrannical ruler in search for her homeland with the aid of a group of female prisoners, a psychotic worshiper, and a drifter named Max."
199,200,tt3170832,Room,8.1,2015,Lenny Abrahamson,"Brie Larson, Jacob Tremblay",R,118,"Drama, Thriller",English,"Ireland, Canada, United Kingdom, United States",False,False,420305,14677654.0,"Held captive for 7 years in an enclosed space, a woman and her young son finally gain their freedom, allowing the boy to experience the outside world for the first time."
200,201,tt0978762,MaryandMax,8.1,2009,Adam Elliot,"Toni Collette, Philip Seymour Hoffman",Not Rated,92,"Animation, Comedy, Drama","English, Yiddish",Australia,False,False,177931,,"A tale of friendship between two unlikely pen pals: Mary, a lonely, eight-year-old girl living in the suburbs of Melbourne, and Max, a forty-four-year old, severely obese man living in New York."
201,202,tt0892769,HowtoTrainYourDragon,8.1,2010,Dean DeBlois,"Jay Baruchel, Gerard Butler",PG,98,"Animation, Action, Adventure",English,United States,True,False,739031,217581231.0,"A hapless young Viking who aspires to hunt dragons becomes the unlikely friend of a young dragon himself, and learns there may be more to the creatures than he assumed."
202,203,tt0198781,"Monsters,Inc.",8.1,2001,Pete Docter,"Billy Crystal, John Goodman",G,92,"Animation, Adventure, Comedy",English,United States,False,False,905840,290642256.0,"In order to power the city, monsters have to scare children so that they scream. However, the children are toxic to the monsters, and after a child gets through, two monsters realize things may not be what they think."
203,204,tt0118715,TheBigLebowski,8.1,1998,Joel Coen,"Jeff Bridges, John Goodman",R,117,"Comedy, Crime","English, German, Hebrew, Spanish","United States, United Kingdom",False,False,806616,18254458.0,"Ultimate L.A. slacker Jeff ""The Dude"" Lebowski, mistaken for a millionaire of the same name, seeks restitution for a rug ruined by debt collectors, enlisting his bowling buddies for help while trying to find the millionaire's miss..."
204,205,tt0073195,Jaws,8.1,1975,Steven Spielberg,"Roy Scheider, Robert Shaw",PG,124,"Adventure, Thriller",English,United States,True,True,605858,265859065.0,"When a killer shark unleashes chaos on a beach community off Cape Cod, it's up to a local sheriff, a marine biologist, and an old seafarer to hunt the beast down."
205,206,tt0097165,DeadPoetsSociety,8.1,1989,Peter Weir,"Robin Williams, Robert Sean Leonard",PG,128,"Comedy, Drama","English, Latin",United States,False,False,490379,95860116.0,Maverick teacher John Keating uses poetry to embolden his boarding school students to new heights of self-expression.
206,207,tt0019254,ThePassionofJoanofArc,8.1,1928,Carl Theodor Dreyer,"Maria Falconetti, Eugene Silvain",Passed,114,"Biography, Drama, History","None, French",France,False,False,55266,21877.0,"In 1431, Jeanne d'Arc is placed on trial on charges of heresy. The ecclesiastical jurists attempt to force Jeanne to recant her claims of holy visions."
207,208,tt0046438,TokyoStory,8.1,1953,Yasujirô Ozu,"Chishû Ryû, Chieko Higashiyama",Not Rated,136,Drama,"Japanese, English",Japan,False,False,62237,,"An old couple visit their children and grandchildren in the city, but receive little attention."
208,209,tt0395169,HotelRwanda,8.1,2004,Terry George,"Don Cheadle, Sophie Okonedo",PG-13,121,"Biography, Drama, History","English, French, Kinyarwanda","United Kingdom, South Africa, Italy, United States",True,False,356065,23530892.0,"Paul Rusesabagina, a hotel manager, houses over a thousand Tutsi refugees during their struggle against the Hutu militia in Rwanda, Africa."
209,210,tt1950186,FordvFerrari,8.0,2019,James Mangold,"Matt Damon, Christian Bale",PG-13,152,"Action, Biography, Drama","English, Italian, French, Japanese",United States,True,True,391707,117624357.0,American car designer Carroll Shelby and driver Ken Miles battle corporate interference and the laws of physics to build a revolutionary race car for Ford in order to defeat Ferrari at the 24 Hours of Le Mans in 1966.
210,211,tt0075148,Rocky,8.0,1976,John G. Avildsen,"Sylvester Stallone, Talia Shire",PG,120,"Drama, Sport",English,United States,True,True,574648,117235147.0,A small-time Philadelphia boxer gets a supremely rare chance to fight the world heavyweight champion in a bout in which he strives to go the distance for his self-respect.
211,212,tt0091763,Platoon,8.0,1986,Oliver Stone,"Charlie Sheen, Tom Berenger",R,120,"Drama, War","English, Vietnamese","United States, United Kingdom",True,True,414938,138530565.0,"Chris Taylor, a neophyte recruit in Vietnam, finds himself caught in a battle of wills between two sergeants, one good and the other evil. A shrewd examination of the brutality of war and the duality of man in conflict."
212,213,tt1895587,Spotlight,8.0,2015,Tom McCarthy,"Mark Ruffalo, Michael Keaton",R,129,"Biography, Crime, Drama",English,United States,True,True,469449,45055776.0,"The true story of how the Boston Globe uncovered the massive scandal of child molestation and cover-up within the local Catholic Archdiocese, shaking the entire Catholic Church to its core."
213,214,tt0088247,TheTerminator,8.0,1984,James Cameron,"Arnold Schwarzenegger, Linda Hamilton",R,107,"Action, Sci-Fi","English, Spanish","United Kingdom, United States",False,False,863512,38371200.0,"A human soldier is sent from 2029 to 1984 to stop an almost indestructible cyborg killing machine, sent from the same year, which has been programmed to execute a young woman whose unborn son is the key to humanity's future salvat..."
214,215,tt0092005,StandbyMe,8.0,1986,Rob Reiner,"Wil Wheaton, River Phoenix",R,89,"Adventure, Drama",English,United States,False,False,404216,52287414.0,"After the death of one of his friends, a writer recounts a childhood journey with his friends to find the body of a missing boy."
215,216,tt3315342,Logan,8.0,2017,James Mangold,"Hugh Jackman, Patrick Stewart",R,137,"Action, Drama, Sci-Fi","English, Spanish",United States,False,False,760866,226277068.0,"In a future where mutants are nearly extinct, an elderly and weary Logan leads a quiet life. But when Laura, a mutant child pursued by scientists, comes to him for help, he must get her to safety."
216,217,tt0382932,Ratatouille,8.0,2007,Brad Bird,"Brad Garrett, Lou Romano",G,111,"Animation, Adventure, Comedy","English, French",United States,False,False,734201,206445654.0,A rat who can cook makes an unusual alliance with a young kitchen worker at a famous Paris restaurant.
217,218,tt1979320,Rush,8.0,2013,Ron Howard,"Daniel Brühl, Chris Hemsworth",R,123,"Action, Biography, Drama","English, German, Italian, French, Spanish","United Kingdom, United States",False,False,480120,26947624.0,The merciless 1970s rivalry between Formula One rivals James Hunt and Niki Lauda.
218,219,tt0048473,PatherPanchali,8.0,1955,Satyajit Ray,"Kanu Bannerjee, Karuna Bannerjee",Not Rated,125,Drama,Bengali,India,False,False,33358,134241.0,"Impoverished priest Harihar Ray, dreaming of a better life for himself and his family, leaves his rural Bengal village in search of work."
219,220,tt0074958,Network,8.0,1976,Sidney Lumet,"Faye Dunaway, William Holden",R,121,Drama,English,United States,True,True,160448,23689877.0,"A television network cynically exploits a deranged former anchor's ravings and revelations about the news media for its own profit, but finds that his message may be difficult to control."
220,221,tt0758758,IntotheWild,8.0,2007,Sean Penn,"Emile Hirsch, Vince Vaughn",R,148,"Adventure, Biography, Drama","English, Danish",United States,True,False,622810,18354356.0,"After graduating from Emory University, top student and athlete Christopher McCandless abandons his possessions, gives his entire $24,000 savings account to charity and hitchhikes to Alaska to live in the wilderness. Along the way..."
221,222,tt0032138,TheWizardofOz,8.0,1939,Victor Fleming,"Judy Garland, Frank Morgan",G,102,"Adventure, Family, Fantasy",English,United States,True,True,399653,24668669.0,"Young Dorothy Gale and her dog Toto are swept away by a tornado from their Kansas farm to the magical Land of Oz, and embark on a quest with three new friends to see the Wizard, who can return her to her home and fulfill the other..."
222,223,tt0381681,BeforeSunset,8.0,2004,Richard Linklater,"Ethan Hawke, Julie Delpy",R,80,"Drama, Romance","English, French","United States, France",False,False,264562,5820649.0,"Nine years after Jesse and Celine first met, they encounter each other again on the French leg of Jesse's book tour."
223,224,tt0107048,GroundhogDay,8.0,1993,Harold Ramis,"Bill Murray, Andie MacDowell",PG,101,"Comedy, Drama, Fantasy","English, French, Italian",United States,False,False,630923,71107962.0,"A narcissistic, self-centered weatherman finds himself in a time loop on Groundhog Day, and the day keeps repeating until he gets it right."
224,225,tt0070047,TheExorcist,8.0,1973,William Friedkin,"Ellen Burstyn, Max von Sydow",R,122,Horror,"English, Latin, Greek, French, German, Arabic, Kurdish",United States,True,True,408063,233005644.0,"When a teenage girl is possessed by a mysterious entity, her mother seeks the help of two priests to save her daughter."
225,226,tt0036868,TheBestYearsofOurLives,8.0,1946,William Wyler,"Myrna Loy, Dana Andrews",Approved,170,"Drama, Romance, War",English,United States,True,True,65190,23650000.0,"Three World War II veterans, two of them traumatized or disabled, return home to the American midwest to discover that they and their families have been irreparably changed."
226,227,tt0317705,TheIncredibles,8.0,2004,Brad Bird,"Craig T. Nelson, Samuel L. Jackson",PG,115,"Animation, Action, Adventure","English, French",United States,True,True,735955,261441092.0,"While trying to lead a quiet suburban life, a family of undercover superheroes are forced into action to save the world."
227,228,tt0035446,ToBeorNottoBe,8.0,1942,Ernst Lubitsch,"Carole Lombard, Jack Benny",Passed,99,"Comedy, Romance, War","English, German, French",United States,False,False,37935,3270000.0,"During the Nazi occupation of Poland, an acting troupe becomes embroiled in a Polish soldier's efforts to track down a German spy."
228,229,tt0058946,TheBattleofAlgiers,8.0,1966,Gillo Pontecorvo,"Brahim Hadjadj, Jean Martin",Not Rated,121,"Drama, War","Arabic, French, English","Italy, Algeria",True,False,60759,879794.0,"In the 1950s, fear and violence escalate as the people of Algiers fight for independence from the French government."
229,230,tt1028532,Hachi:ADog'sTale,8.0,2009,Lasse Hallström,"Richard Gere, Joan Allen",G,93,"Biography, Drama, Family","English, Japanese","United Kingdom, United States",False,False,285203,,A college professor bonds with an abandoned dog he takes into his home.
230,231,tt0113247,Lahaine,8.0,1995,Mathieu Kassovitz,"Vincent Cassel, Hubert Koundé",Not Rated,98,"Crime, Drama",French,"France, United States",False,False,174475,280859.0,24 hours in the lives of three young men in the French suburbs the day after a violent riot.
231,232,tt15097216,JaiBhim,8.0,2021,T.J. Gnanavel,"Suriya, Lijo Mol Jose",TV-MA,164,"Crime, Drama, Mystery","Tamil, Hindi, Telugu",India,False,False,201710,,"When a tribal man is arrested for a case of alleged theft, his wife turns to a human-rights lawyer to help bring justice."
232,233,tt0325980,PiratesoftheCaribbean:TheCurseoftheBlackPearl,8.0,2003,Gore Verbinski,"Johnny Depp, Geoffrey Rush",PG-13,143,"Action, Adventure, Fantasy",English,United States,True,False,1125052,305413918.0,"Blacksmith Will Turner teams up with eccentric pirate ""Captain"" Jack Sparrow to save his love, the governor's daughter, from Jack's former pirate allies, who are now undead."
233,234,tt0032551,TheGrapesofWrath,8.0,1940,John Ford,"Henry Fonda, Jane Darwell",Passed,129,Drama,English,United States,True,True,93916,,"An Oklahoma family, driven off their farm by the poverty and hopelessness of the Dust Bowl, joins the westward migration to California, suffering the misfortunes of the homeless in the Great Depression."
234,235,tt0032976,Rebecca,8.0,1940,Alfred Hitchcock,"Laurence Olivier, Joan Fontaine",Approved,130,"Drama, Film-Noir, Mystery","English, French",United States,True,True,137813,,A self-conscious woman juggles adjusting to her new role as an aristocrat's wife and avoiding being intimidated by his first wife's spectral presence.
235,236,tt0476735,MyFatherandMySon,8.0,2005,Çagan Irmak,"Çetin Tekindor, Fikret Kuskan",Not Rated,112,"Drama, Family",Turkish,Turkey,False,False,87097,,The family of a left-wing journalist is torn apart after the military coup of Turkey in 1980.
236,237,tt0245712,AmoresPerros,8.0,2000,Alejandro G. Iñárritu,"Emilio Echevarría, Gael García Bernal",R,154,"Drama, Thriller",Spanish,Mexico,False,False,241047,5408467.0,"A horrific car accident connects three stories, each involving characters dealing with loss, regret, and life's harsh realities, all in the name of love."
237,238,tt0061512,CoolHandLuke,8.0,1967,Stuart Rosenberg,"Paul Newman, George Kennedy",GP,127,"Crime, Drama",English,United States,False,False,178175,,"A laid back Southern man is sentenced to two years in a rural prison, but refuses to conform."
238,239,tt0053198,The400Blows,8.0,1959,François Truffaut,"Jean-Pierre Léaud, Albert Rémy",Not Rated,99,"Crime, Drama","French, English",France,False,False,118701,509.0,"A young boy, left without attention, delves into a life of petty crime."
239,240,tt4016934,TheHandmaiden,8.0,2016,Park Chan-wook,"Kim Min-hee, Ha Jung-woo",Not Rated,145,"Drama, Romance, Thriller","Korean, Japanese",South Korea,False,False,147807,2006788.0,"A woman is hired as a handmaiden to a Japanese heiress, but secretly she is involved in a plot to defraud her."
240,241,tt0025316,ItHappenedOneNight,8.0,1934,Frank Capra,"Clark Gable, Claudette Colbert",Passed,105,"Comedy, Romance",English,United States,True,True,104663,,"A renegade reporter trailing a young runaway heiress for a big story joins her on a bus heading from Florida to New York, and they end up stuck with each other when the bus leaves them behind at one of the stops."
241,242,tt0060827,Persona,8.0,1966,Ingmar Bergman,"Bibi Andersson, Liv Ullmann",Not Rated,83,"Drama, Thriller","Swedish, English",Sweden,False,False,119561,,A nurse is put in charge of a mute actress and finds that their personae are melding together.
242,243,tt0059742,TheSoundofMusic,8.0,1965,Robert Wise,"Julie Andrews, Christopher Plummer",G,172,"Biography, Drama, Family","English, German",United States,True,True,234681,159287539.0,A young novitiate is sent by her convent in 1930s Austria to become a governess to the seven children of a widowed naval officer.
243,244,tt0079470,LifeofBrian,8.0,1979,Terry Jones,"Graham Chapman, John Cleese",R,94,Comedy,"English, Latin",United Kingdom,False,False,400571,20206622.0,"Born on the original Christmas in the stable next door to Jesus Christ, Brian of Nazareth spends his life being mistaken for a messiah."
244,245,tt6710474,EverythingEverywhereAllatOnce,8.0,2022,Dan Kwan,"Michelle Yeoh, Stephanie Hsu",R,139,"Action, Adventure, Comedy","English, Mandarin, Cantonese",United States,False,False,235962,70008593.0,"An aging Chinese immigrant is swept up in an insane adventure, in which she alone can save the world by exploring other universes connecting with the lives she could have led."
245,246,tt0071411,DersuUzala,8.0,1975,Akira Kurosawa,"Maksim Munzuk, Yuriy Solomin",G,142,"Adventure, Biography, Drama","Russian, Chinese","Soviet Union, Japan",False,False,30160,,The Russian army sends an explorer on an expedition to the snowy Siberian wilderness where he makes friends with a seasoned local hunter.
246,247,tt0103639,Aladdin,8.0,1992,Ron Clements,"Scott Weinger, Robin Williams",G,90,"Animation, Adventure, Comedy",English,United States,True,True,420013,217350219.0,A kindhearted street urchin and a power-hungry Grand Vizier vie for a magic lamp that has the power to make their deepest wishes come true.
247,248,tt0129167,TheIronGiant,8.0,1999,Brad Bird,"Eli Marienthal, Harry Connick Jr.",PG,86,"Animation, Action, Adventure",English,United States,False,False,198212,23315035.0,A young boy befriends a giant robot from outer space that a paranoid government agent wants to destroy.
248,249,tt1454029,TheHelp,8.0,2011,Tate Taylor,"Viola Davis, Emma Stone",PG-13,146,Drama,English,"United States, India",False,False,459753,169708112.0,"An aspiring author during the civil rights movement of the 1960s decides to write a book detailing the African American maids' point of view on the white families for which they work, and the hardships they go through on a daily b..."
249,250,tt0083987,Gandhi,8.0,1982,Richard Attenborough,"Ben Kingsley, John Gielgud",PG,191,"Biography, Drama","English, Hindi","United Kingdom, India, United States, South Africa",True,True,232139,52767889.0,The life of the lawyer who became the famed leader of the Indian revolts against the British rule through his philosophy of nonviolent protest.
